datetime,symbol,direction,offset,price,volume,pnl
2025-10-09 09:00:00+00:00,ethusdt,多,开,4326.26,1.61802573,0
2025-10-09 14:00:00+00:00,ethusdt,空,平,4349.36,1.61802573,0
2025-10-10 16:00:00+00:00,ethusdt,多,开,4100.48,1.70711722,0
2025-10-10 18:00:00+00:00,ethusdt,空,平,4092.01,1.70711722,0
2025-10-10 19:00:00+00:00,ethusdt,多,开,4051.85,1.72760591,0
2025-10-10 20:00:00+00:00,ethusdt,空,平,3994.99,1.72760591,0
2025-10-10 21:00:00+00:00,ethusdt,空,开,3864.76,1.81123796,0
2025-10-10 22:00:00+00:00,ethusdt,多,平,3941.17,1.81123796,0
2025-10-10 23:00:00+00:00,ethusdt,空,开,3852.96,1.81678973,0
2025-10-11 03:00:00+00:00,ethusdt,多,平,3839.04,1.81678973,0
2025-10-11 04:00:00+00:00,ethusdt,空,开,3789.56,1.84718015,0
2025-10-11 09:00:00+00:00,ethusdt,多,平,3812.89,1.84718015,0
2025-10-12 11:00:00+00:00,ethusdt,多,开,3817.59,1.83361754,0
2025-10-12 14:00:00+00:00,ethusdt,空,平,3808.15,1.83361754,0
2025-10-12 16:00:00+00:00,ethusdt,多,开,4032.37,1.7359475,0
2025-10-12 17:00:00+00:00,ethusdt,空,平,4104.17,1.7359475,0
2025-10-12 18:00:00+00:00,ethusdt,多,开,4125.21,1.69688331,0
2025-10-12 21:00:00+00:00,ethusdt,空,平,4134.72,1.69688331,0
2025-10-12 22:00:00+00:00,ethusdt,多,开,4133.94,1.69329985,0
2025-10-13 03:00:00+00:00,ethusdt,空,平,4157.0,1.69329985,0
2025-10-13 21:00:00+00:00,ethusdt,空,开,4285.03,1.63359416,0
2025-10-14 08:00:00+00:00,ethusdt,多,平,3979.28,1.63359416,0
2025-10-14 11:00:00+00:00,ethusdt,空,开,3940.78,1.77629809,0
2025-10-14 14:00:00+00:00,ethusdt,多,平,3954.0,1.77629809,0
2025-10-14 15:00:00+00:00,ethusdt,空,开,3967.68,1.76425518,0
2025-10-14 16:00:00+00:00,ethusdt,多,平,4083.25,1.76425518,0
2025-10-14 17:00:00+00:00,ethusdt,空,开,4094.23,1.7097232,0
2025-10-14 18:00:00+00:00,ethusdt,多,平,4099.36,1.7097232,0
2025-10-15 01:00:00+00:00,ethusdt,多,开,4117.73,1.69996576,0
2025-10-15 04:00:00+00:00,ethusdt,空,平,4079.71,1.69996576,0
2025-10-15 17:00:00+00:00,ethusdt,空,开,3974.61,1.76117908,0
2025-10-15 18:00:00+00:00,ethusdt,多,平,3990.96,1.76117908,0
2025-10-15 19:00:00+00:00,ethusdt,空,开,4005.43,1.7476276,0
2025-10-16 00:00:00+00:00,ethusdt,多,平,3983.8,1.7476276,0
2025-10-16 18:00:00+00:00,ethusdt,空,开,3920.15,1.78564596,0
2025-10-16 22:00:00+00:00,ethusdt,多,平,3881.61,1.78564596,0
2025-10-17 08:00:00+00:00,ethusdt,多,开,3754.78,1.86428535,0
2025-10-17 09:00:00+00:00,ethusdt,空,平,3707.37,1.86428535,0
2025-10-17 10:00:00+00:00,ethusdt,多,开,3722.3,1.88055772,0
2025-10-17 13:00:00+00:00,ethusdt,空,平,3773.7,1.88055772,0
2025-10-17 15:00:00+00:00,ethusdt,空,开,3749.1,1.86711477,0
2025-10-17 16:00:00+00:00,ethusdt,多,平,3796.02,1.86711477,0
2025-10-19 15:00:00+00:00,ethusdt,空,开,3987.3,1.75557835,0
2025-10-19 18:00:00+00:00,ethusdt,多,平,3991.44,1.75557835,0
2025-10-21 05:00:00+00:00,ethusdt,多,开,3849.22,1.81855025,0
2025-10-21 09:00:00+00:00,ethusdt,空,平,3866.4,1.81855025,0
2025-10-24 07:00:00+00:00,ethusdt,空,开,3980.87,1.75841401,0
2025-10-24 10:00:00+00:00,ethusdt,多,平,3956.87,1.75841401,0
2025-10-26 10:00:00+00:00,ethusdt,空,开,3986.09,1.75610686,0
2025-10-26 12:00:00+00:00,ethusdt,多,平,4043.08,1.75610686,0
2025-10-26 13:00:00+00:00,ethusdt,空,开,4071.0,1.71948347,0
2025-10-26 14:00:00+00:00,ethusdt,多,平,4082.38,1.71948347,0
2025-10-26 23:00:00+00:00,ethusdt,空,开,4158.55,1.68327903,0
2025-10-27 01:00:00+00:00,ethusdt,多,平,4168.64,1.68327903,0
2025-10-28 21:00:00+00:00,ethusdt,多,开,3977.0,1.76011627,0
2025-10-29 09:00:00+00:00,ethusdt,空,平,4005.57,1.76011627,0
2025-10-30 14:00:00+00:00,ethusdt,多,开,3764.65,1.85939766,0
2025-10-30 18:00:00+00:00,ethusdt,空,平,3769.66,1.85939766,0
2025-10-30 19:00:00+00:00,ethusdt,多,开,3720.0,1.88172043,0
2025-10-30 20:00:00+00:00,ethusdt,空,平,3685.25,1.88172043,0
2025-11-03 04:00:00+00:00,ethusdt,多,开,3734.73,1.87429881,0
2025-11-03 06:00:00+00:00,ethusdt,空,平,3730.26,1.87429881,0
2025-11-03 07:00:00+00:00,ethusdt,多,开,3717.01,1.8832341,0
2025-11-03 10:00:00+00:00,ethusdt,空,平,3701.71,1.8832341,0
2025-11-03 16:00:00+00:00,ethusdt,多,开,3587.38,1.95128478,0
2025-11-03 19:00:00+00:00,ethusdt,空,平,3630.75,1.95128478,0
2025-11-04 06:00:00+00:00,ethusdt,多,开,3490.3,2.00555826,0
2025-11-04 07:00:00+00:00,ethusdt,空,平,3510.89,2.00555826,0
2025-11-04 08:00:00+00:00,ethusdt,空,开,3492.79,2.0041285,0
2025-11-04 12:00:00+00:00,ethusdt,多,平,3527.78,2.0041285,0
2025-11-04 18:00:00+00:00,ethusdt,空,开,3371.58,2.07618409,0
2025-11-04 21:00:00+00:00,ethusdt,多,平,3211.5,2.07618409,0
2025-11-04 22:00:00+00:00,ethusdt,空,开,3213.78,2.17812725,0
2025-11-05 00:00:00+00:00,ethusdt,多,平,3285.28,2.17812725,0
2025-11-05 01:00:00+00:00,ethusdt,空,开,3239.04,2.16114084,0
2025-11-05 02:00:00+00:00,ethusdt,多,平,3241.9,2.16114084,0
2025-11-05 03:00:00+00:00,ethusdt,空,开,3323.88,2.10597254,0
2025-11-05 12:00:00+00:00,ethusdt,多,平,3320.97,2.10597254,0
2025-11-05 18:00:00+00:00,ethusdt,多,开,3433.78,2.0385638,0
2025-11-05 22:00:00+00:00,ethusdt,空,平,3440.57,2.0385638,0
2025-11-05 23:00:00+00:00,ethusdt,多,开,3422.95,2.04501367,0
2025-11-06 06:00:00+00:00,ethusdt,空,平,3387.0,2.04501367,0
2025-11-07 13:00:00+00:00,ethusdt,多,开,3221.66,2.17279291,0
2025-11-08 00:00:00+00:00,ethusdt,空,平,3434.37,2.17279291,0
2025-11-09 15:00:00+00:00,ethusdt,空,开,3505.01,1.99714123,0
2025-11-09 17:00:00+00:00,ethusdt,多,平,3526.22,1.99714123,0
2025-11-09 20:00:00+00:00,ethusdt,空,开,3578.04,1.95637835,0
2025-11-09 23:00:00+00:00,ethusdt,多,平,3586.1,1.95637835,0
2025-11-11 22:00:00+00:00,ethusdt,多,开,3416.19,2.04906636,0
2025-11-12 03:00:00+00:00,ethusdt,空,平,3425.95,2.04906636,0
2025-11-13 18:00:00+00:00,ethusdt,空,开,3254.4,2.15093412,0
2025-11-13 23:00:00+00:00,ethusdt,多,平,3227.74,2.15093412,0
2025-11-14 00:00:00+00:00,ethusdt,空,开,3230.13,2.16710215,0
2025-11-14 03:00:00+00:00,ethusdt,多,平,3236.25,2.16710215,0
2025-11-14 04:00:00+00:00,ethusdt,空,开,3226.5,2.16953355,0
2025-11-14 05:00:00+00:00,ethusdt,多,平,3161.5,2.16953355,0
2025-11-14 06:00:00+00:00,ethusdt,空,开,3191.01,2.19366282,0
2025-11-14 07:00:00+00:00,ethusdt,多,平,3221.05,2.19366282,0
2025-11-14 08:00:00+00:00,ethusdt,空,开,3213.82,2.17809336,0
2025-11-14 13:00:00+00:00,ethusdt,多,平,3125.71,2.17809336,0
2025-11-17 17:00:00+00:00,ethusdt,多,开,3133.15,2.23417328,0
2025-11-17 18:00:00+00:00,ethusdt,空,平,3057.52,2.23417328,0
2025-11-17 20:00:00+00:00,ethusdt,空,开,2981.0,2.3482053,0
2025-11-17 21:00:00+00:00,ethusdt,多,平,3002.72,2.3482053,0
2025-11-17 22:00:00+00:00,ethusdt,空,开,3008.25,2.32693426,0
2025-11-18 01:00:00+00:00,ethusdt,多,平,3031.43,2.32693426,0
2025-11-18 02:00:00+00:00,ethusdt,空,开,3016.73,2.32039327,0
2025-11-18 04:00:00+00:00,ethusdt,多,平,3022.93,2.32039327,0
2025-11-18 05:00:00+00:00,ethusdt,空,开,3005.0,2.32945092,0
2025-11-18 09:00:00+00:00,ethusdt,多,平,3059.23,2.32945092,0
2025-11-18 17:00:00+00:00,ethusdt,多,开,3150.87,2.22160158,0
2025-11-18 21:00:00+00:00,ethusdt,空,平,3121.87,2.22160158,0
2025-11-18 22:00:00+00:00,ethusdt,多,开,3097.0,2.26024456,0
2025-11-19 04:00:00+00:00,ethusdt,空,平,3072.01,2.26024456,0
2025-11-19 16:00:00+00:00,ethusdt,空,开,2971.58,2.35564918,0
2025-11-19 21:00:00+00:00,ethusdt,多,平,2944.08,2.35564918,0
2025-11-19 22:00:00+00:00,ethusdt,空,开,2990.32,2.34088659,0
2025-11-20 00:00:00+00:00,ethusdt,多,平,3024.08,2.34088659,0
2025-11-20 17:00:00+00:00,ethusdt,空,开,2861.21,2.44651738,0
2025-11-20 20:00:00+00:00,ethusdt,多,平,2846.39,2.44651738,0
2025-11-20 21:00:00+00:00,ethusdt,空,开,2833.97,2.4700332,0
2025-11-20 22:00:00+00:00,ethusdt,多,平,2877.96,2.4700332,0
2025-11-20 23:00:00+00:00,ethusdt,空,开,2885.07,2.42628428,0
2025-11-21 04:00:00+00:00,ethusdt,多,平,2807.76,2.42628428,0
2025-11-21 05:00:00+00:00,ethusdt,空,开,2817.71,2.48428689,0
2025-11-21 08:00:00+00:00,ethusdt,多,平,2718.66,2.48428689,0
2025-11-21 09:00:00+00:00,ethusdt,空,开,2736.71,2.55782512,0
2025-11-21 13:00:00+00:00,ethusdt,多,平,2726.4,2.55782512,0
2025-11-22 08:00:00+00:00,ethusdt,多,开,2755.13,2.54071496,0
2025-11-22 11:00:00+00:00,ethusdt,空,平,2711.71,2.54071496,0
2025-11-22 14:00:00+00:00,ethusdt,空,开,2718.08,2.5753473,0
2025-11-22 17:00:00+00:00,ethusdt,多,平,2753.98,2.5753473,0
2025-11-24 18:00:00+00:00,ethusdt,空,开,2938.63,2.3820705,0
2025-11-24 20:00:00+00:00,ethusdt,多,平,2957.8,2.3820705,0
2025-11-24 21:00:00+00:00,ethusdt,空,开,2971.25,2.35591081,0
2025-11-25 05:00:00+00:00,ethusdt,多,平,2936.05,2.35591081,0
2025-12-01 01:00:00+00:00,ethusdt,多,开,2834.82,2.46929258,0
2025-12-01 03:00:00+00:00,ethusdt,空,平,2836.8,2.46929258,0
2025-12-01 04:00:00+00:00,ethusdt,多,开,2824.8,2.47805154,0
2025-12-01 13:00:00+00:00,ethusdt,空,平,2819.53,2.47805154,0
2025-12-02 16:00:00+00:00,ethusdt,空,开,3005.55,2.32902464,0
2025-12-02 18:00:00+00:00,ethusdt,多,平,3014.36,2.32902464,0
2025-12-03 18:00:00+00:00,ethusdt,空,开,3126.39,2.23901125,0
2025-12-03 21:00:00+00:00,ethusdt,多,平,3136.82,2.23901125,0
2025-12-03 22:00:00+00:00,ethusdt,空,开,3163.09,2.21302587,0
2025-12-03 23:00:00+00:00,ethusdt,多,平,3188.42,2.21302587,0
2025-12-04 00:00:00+00:00,ethusdt,空,开,3187.08,2.19637473,0
2025-12-04 03:00:00+00:00,ethusdt,多,平,3219.99,2.19637473,0
2025-12-05 17:00:00+00:00,ethusdt,多,开,3031.69,2.3089432,0
2025-12-05 19:00:00+00:00,ethusdt,空,平,3006.14,2.3089432,0
2025-12-07 15:00:00+00:00,ethusdt,多,开,2941.32,2.37988386,0
2025-12-07 22:00:00+00:00,ethusdt,空,平,3084.0,2.37988386,0
2025-12-09 16:00:00+00:00,ethusdt,空,开,3244.92,2.1572247,0
2025-12-09 17:00:00+00:00,ethusdt,多,平,3365.02,2.1572247,0
2025-12-09 18:00:00+00:00,ethusdt,空,开,3374.39,2.07444901,0
2025-12-09 23:00:00+00:00,ethusdt,多,平,3326.92,2.07444901,0
2025-12-10 20:00:00+00:00,ethusdt,空,开,3388.98,2.06552433,0
2025-12-11 05:00:00+00:00,ethusdt,多,平,3212.91,2.06552433,0
2025-12-12 16:00:00+00:00,ethusdt,多,开,3070.0,2.28013029,0
2025-12-12 18:00:00+00:00,ethusdt,空,平,3064.77,2.28013029,0
2025-12-15 16:00:00+00:00,ethusdt,多,开,3009.48,2.32598323,0
2025-12-15 17:00:00+00:00,ethusdt,空,平,2987.49,2.32598323,0
2025-12-15 18:00:00+00:00,ethusdt,多,开,2935.41,2.38467539,0
2025-12-15 21:00:00+00:00,ethusdt,空,平,2927.58,2.38467539,0
2025-12-18 14:00:00+00:00,ethusdt,空,开,2962.88,2.36257413,0
2025-12-18 15:00:00+00:00,ethusdt,多,平,2949.09,2.36257413,0
2025-12-23 15:00:00+00:00,ethusdt,多,开,2916.16,2.40040876,0
2025-12-23 18:00:00+00:00,ethusdt,空,平,2909.4,2.40040876,0
2025-12-29 02:00:00+00:00,ethusdt,空,开,2979.81,2.34914307,0
2025-12-29 03:00:00+00:00,ethusdt,多,平,3002.68,2.34914307,0
2025-12-29 04:00:00+00:00,ethusdt,空,开,3042.3,2.30089077,0
2025-12-29 08:00:00+00:00,ethusdt,多,平,3018.46,2.30089077,0
2026-01-02 04:00:00+00:00,ethusdt,空,开,3021.04,2.31708286,0
2026-01-02 07:00:00+00:00,ethusdt,多,平,3025.19,2.31708286,0
2026-01-02 10:00:00+00:00,ethusdt,空,开,3047.2,2.29719086,0
2026-01-02 11:00:00+00:00,ethusdt,多,平,3056.1,2.29719086,0
2026-01-02 15:00:00+00:00,ethusdt,空,开,3081.3,2.27177578,0
2026-01-02 16:00:00+00:00,ethusdt,多,平,3085.09,2.27177578,0
2026-01-02 17:00:00+00:00,ethusdt,空,开,3130.68,2.2359431,0
2026-01-02 20:00:00+00:00,ethusdt,多,平,3122.46,2.2359431,0
2026-01-04 01:00:00+00:00,ethusdt,空,开,3155.9,2.21806775,0
2026-01-04 06:00:00+00:00,ethusdt,多,平,3149.77,2.21806775,0
2026-01-05 01:00:00+00:00,ethusdt,空,开,3167.26,2.21011221,0
2026-01-05 02:00:00+00:00,ethusdt,多,平,3196.49,2.21011221,0
2026-01-05 03:00:00+00:00,ethusdt,空,开,3191.83,2.19310613,0
2026-01-05 07:00:00+00:00,ethusdt,多,平,3156.22,2.19310613,0
2026-01-06 15:00:00+00:00,ethusdt,空,开,3276.67,2.13631522,0
2026-01-06 19:00:00+00:00,ethusdt,多,平,3217.56,2.13631522,0
2026-01-08 07:00:00+00:00,ethusdt,多,开,3103.98,2.2551619,0
2026-01-08 10:00:00+00:00,ethusdt,空,平,3110.86,2.2551619,0
2026-01-08 15:00:00+00:00,ethusdt,多,开,3075.75,2.27586767,0
2026-01-08 21:00:00+00:00,ethusdt,空,平,3106.3,2.27586767,0
2026-01-11 15:00:00+00:00,ethusdt,空,开,3124.35,2.24046602,0
2026-01-11 16:00:00+00:00,ethusdt,多,平,3116.89,2.24046602,0
2026-01-12 03:00:00+00:00,ethusdt,空,开,3156.47,2.2176672,0
2026-01-12 10:00:00+00:00,ethusdt,多,平,3115.13,2.2176672,0
2026-01-13 16:00:00+00:00,ethusdt,空,开,3183.11,2.19910716,0
2026-01-13 19:00:00+00:00,ethusdt,多,平,3199.61,2.19910716,0
2026-01-13 20:00:00+00:00,ethusdt,空,开,3214.46,2.17766647,0
2026-01-13 22:00:00+00:00,ethusdt,多,平,3208.49,2.17766647,0
2026-01-13 23:00:00+00:00,ethusdt,空,开,3330.21,2.10196955,0
2026-01-14 04:00:00+00:00,ethusdt,多,平,3351.03,2.10196955,0
2026-01-17 16:00:00+00:00,ethusdt,空,开,3328.13,2.10328323,0
2026-01-18 00:00:00+00:00,ethusdt,多,平,3308.86,2.10328323,0
2026-01-18 18:00:00+00:00,ethusdt,空,开,3343.4,2.0936771,0
2026-01-18 19:00:00+00:00,ethusdt,多,平,3360.66,2.0936771,0
2026-01-19 01:00:00+00:00,ethusdt,多,开,3210.67,2.18023029,0
2026-01-19 06:00:00+00:00,ethusdt,空,平,3201.0,2.18023029,0
2026-01-20 01:00:00+00:00,ethusdt,多,开,3182.55,2.19949412,0
2026-01-20 05:00:00+00:00,ethusdt,空,平,3171.78,2.19949412,0
2026-01-20 07:00:00+00:00,ethusdt,多,开,3115.2,2.24704674,0
2026-01-20 09:00:00+00:00,ethusdt,空,平,3105.46,2.24704674,0
2026-01-20 10:00:00+00:00,ethusdt,多,开,3093.15,2.26306516,0
2026-01-20 14:00:00+00:00,ethusdt,空,平,3077.91,2.26306516,0
2026-01-20 15:00:00+00:00,ethusdt,多,开,3046.16,2.29796761,0
2026-01-20 17:00:00+00:00,ethusdt,空,平,3007.92,2.29796761,0
2026-01-25 17:00:00+00:00,ethusdt,多,开,2895.45,2.41757786,0
2026-01-25 18:00:00+00:00,ethusdt,空,平,2883.04,2.41757786,0
2026-01-25 19:00:00+00:00,ethusdt,多,开,2846.01,2.45958377,0
2026-01-25 20:00:00+00:00,ethusdt,空,平,2810.91,2.45958377,0
2026-01-25 21:00:00+00:00,ethusdt,多,开,2807.75,2.49309058,0
2026-01-25 23:00:00+00:00,ethusdt,空,平,2805.79,2.49309058,0
2026-01-27 17:00:00+00:00,ethusdt,空,开,2989.59,2.34145819,0
2026-01-27 19:00:00+00:00,ethusdt,多,平,2977.1,2.34145819,0
2026-01-29 15:00:00+00:00,ethusdt,多,开,2874.79,2.43496047,0
2026-01-29 16:00:00+00:00,ethusdt,空,平,2822.66,2.43496047,0
2026-01-29 17:00:00+00:00,ethusdt,多,开,2833.75,2.47022497,0
2026-01-29 18:00:00+00:00,ethusdt,空,平,2823.19,2.47022497,0
2026-01-29 19:00:00+00:00,ethusdt,多,开,2762.34,2.53408342,0
2026-01-30 01:00:00+00:00,ethusdt,空,平,2803.79,2.53408342,0
2026-01-31 09:00:00+00:00,ethusdt,多,开,2642.48,2.64902667,0
2026-01-31 13:00:00+00:00,ethusdt,空,平,2632.04,2.64902667,0
2026-01-31 15:00:00+00:00,ethusdt,多,开,2536.82,2.75936014,0
2026-01-31 17:00:00+00:00,ethusdt,空,平,2480.8,2.75936014,0
2026-01-31 18:00:00+00:00,ethusdt,空,开,2401.44,2.91491772,0
2026-01-31 19:00:00+00:00,ethusdt,多,平,2378.75,2.91491772,0
2026-01-31 20:00:00+00:00,ethusdt,空,开,2381.57,2.9392499,0
2026-01-31 22:00:00+00:00,ethusdt,多,平,2418.04,2.9392499,0
2026-01-31 23:00:00+00:00,ethusdt,空,开,2417.95,2.89501437,0
2026-02-01 10:00:00+00:00,ethusdt,多,平,2431.0,2.89501437,0
2026-02-02 00:00:00+00:00,ethusdt,空,开,2269.04,3.08500511,0
2026-02-02 01:00:00+00:00,ethusdt,多,平,2291.44,3.08500511,0
2026-02-02 02:00:00+00:00,ethusdt,空,开,2289.43,3.0575296,0
2026-02-02 04:00:00+00:00,ethusdt,多,平,2237.4,3.0575296,0
2026-02-02 05:00:00+00:00,ethusdt,空,开,2239.71,3.12541858,0
2026-02-02 07:00:00+00:00,ethusdt,多,平,2226.48,3.12541858,0
2026-02-02 08:00:00+00:00,ethusdt,空,开,2227.57,3.14243772,0
2026-02-02 10:00:00+00:00,ethusdt,多,平,2289.77,3.14243772,0
2026-02-02 18:00:00+00:00,ethusdt,多,开,2355.07,2.9723108,0
2026-02-02 21:00:00+00:00,ethusdt,空,平,2320.83,2.9723108,0
2026-02-02 22:00:00+00:00,ethusdt,多,开,2340.93,2.99026455,0
2026-02-03 03:00:00+00:00,ethusdt,空,平,2297.32,2.99026455,0
2026-02-03 04:00:00+00:00,ethusdt,多,开,2343.1,2.9874952,0
2026-02-03 06:00:00+00:00,ethusdt,空,平,2315.28,2.9874952,0
2026-02-03 12:00:00+00:00,ethusdt,空,开,2275.63,3.07607124,0
2026-02-03 13:00:00+00:00,ethusdt,多,平,2300.0,3.07607124,0
2026-02-03 14:00:00+00:00,ethusdt,空,开,2311.07,3.02891314,0
2026-02-03 16:00:00+00:00,ethusdt,多,平,2302.16,3.02891314,0
2026-02-03 17:00:00+00:00,ethusdt,空,开,2239.88,3.12516742,0
2026-02-03 20:00:00+00:00,ethusdt,多,平,2204.33,3.12516742,0
2026-02-03 21:00:00+00:00,ethusdt,空,开,2298.93,3.0448948,0
2026-02-04 02:00:00+00:00,ethusdt,多,平,2267.21,3.0448948,0
2026-02-04 11:00:00+00:00,ethusdt,多,开,2259.61,3.09787972,0
2026-02-04 14:00:00+00:00,ethusdt,空,平,2197.32,3.09787972,0
2026-02-04 15:00:00+00:00,ethusdt,空,开,2170.61,3.22489991,0
2026-02-04 19:00:00+00:00,ethusdt,多,平,2147.24,3.22489991,0
2026-02-04 20:00:00+00:00,ethusdt,空,开,2187.77,3.19960508,0
2026-02-05 00:00:00+00:00,ethusdt,多,平,2147.01,3.19960508,0
2026-02-05 01:00:00+00:00,ethusdt,空,开,2149.03,3.25728352,0
2026-02-05 09:00:00+00:00,ethusdt,多,平,2110.84,3.25728352,0
2026-02-05 16:00:00+00:00,ethusdt,空,开,1959.21,3.57286866,0
2026-02-05 17:00:00+00:00,ethusdt,多,平,1997.33,3.57286866,0
2026-02-05 18:00:00+00:00,ethusdt,空,开,1953.53,3.58325698,0
2026-02-05 21:00:00+00:00,ethusdt,多,平,1868.37,3.58325698,0
2026-02-05 22:00:00+00:00,ethusdt,空,开,1848.74,3.78638308,0
2026-02-05 23:00:00+00:00,ethusdt,多,平,1869.52,3.78638308,0
2026-02-06 00:00:00+00:00,ethusdt,空,开,1824.95,3.83572153,0
2026-02-06 01:00:00+00:00,ethusdt,多,平,1869.28,3.83572153,0
2026-02-06 02:00:00+00:00,ethusdt,空,开,1930.8,3.62545901,0
2026-02-06 06:00:00+00:00,ethusdt,多,平,1957.62,3.62545901,0
2026-02-06 17:00:00+00:00,ethusdt,多,开,2034.94,3.43990486,0
2026-02-06 19:00:00+00:00,ethusdt,空,平,2044.21,3.43990486,0
2026-02-06 20:00:00+00:00,ethusdt,多,开,2065.14,3.38958429,0
2026-02-06 21:00:00+00:00,ethusdt,空,平,2053.19,3.38958429,0
2026-02-06 22:00:00+00:00,ethusdt,多,开,2053.45,3.40889722,0
2026-02-07 01:00:00+00:00,ethusdt,空,平,2043.09,3.40889722,0
2026-02-07 02:00:00+00:00,ethusdt,多,开,2060.69,3.39692045,0
2026-02-07 06:00:00+00:00,ethusdt,空,平,2082.74,3.39692045,0
2026-02-07 17:00:00+00:00,ethusdt,空,开,2049.07,3.41618393,0
2026-02-07 19:00:00+00:00,ethusdt,多,平,2096.06,3.41618393,0
2026-02-07 22:00:00+00:00,ethusdt,多,开,2099.62,3.33392074,0
2026-02-08 04:00:00+00:00,ethusdt,空,平,2077.87,3.33392074,0
2026-02-08 05:00:00+00:00,ethusdt,多,开,2086.45,3.35498095,0
2026-02-08 10:00:00+00:00,ethusdt,空,平,2099.56,3.35498095,0
2026-02-09 02:00:00+00:00,ethusdt,空,开,2069.84,3.38190392,0
2026-02-09 04:00:00+00:00,ethusdt,多,平,2099.01,3.38190392,0
2026-02-09 22:00:00+00:00,ethusdt,多,开,2121.22,3.29998774,0
2026-02-10 01:00:00+00:00,ethusdt,空,平,2095.73,3.29998774,0
2026-02-10 04:00:00+00:00,ethusdt,多,开,2063.7,3.39196589,0
2026-02-10 07:00:00+00:00,ethusdt,空,平,2007.66,3.39196589,0
2026-02-10 08:00:00+00:00,ethusdt,空,开,2006.06,3.48944443,0
2026-02-10 14:00:00+00:00,ethusdt,多,平,2020.94,3.48944443,0
2026-02-11 07:00:00+00:00,ethusdt,多,开,1947.78,3.59383503,0
2026-02-11 11:00:00+00:00,ethusdt,空,平,1938.27,3.59383503,0
2026-02-11 17:00:00+00:00,ethusdt,空,开,1914.44,3.65642172,0
2026-02-11 19:00:00+00:00,ethusdt,多,平,1943.3,3.65642172,0
2026-02-13 16:00:00+00:00,ethusdt,空,开,2033.78,3.44198534,0
2026-02-13 17:00:00+00:00,ethusdt,多,平,2060.58,3.44198534,0
2026-02-13 18:00:00+00:00,ethusdt,空,开,2058.36,3.40076566,0
2026-02-14 01:00:00+00:00,ethusdt,多,平,2054.06,3.40076566,0
2026-02-14 12:00:00+00:00,ethusdt,空,开,2098.22,3.33616113,0
2026-02-14 15:00:00+00:00,ethusdt,多,平,2084.0,3.33616113,0
2026-02-15 13:00:00+00:00,ethusdt,多,开,2009.78,3.48296829,0
2026-02-15 14:00:00+00:00,ethusdt,空,平,2001.2,3.48296829,0
2026-02-15 18:00:00+00:00,ethusdt,多,开,1970.13,3.55306503,0
2026-02-15 19:00:00+00:00,ethusdt,空,平,1958.51,3.55306503,0
2026-02-15 20:00:00+00:00,ethusdt,多,开,1941.17,3.60607263,0
2026-02-16 02:00:00+00:00,ethusdt,空,平,1961.96,3.60607263,0
2026-02-19 14:00:00+00:00,ethusdt,多,开,1920.21,3.64543461,0
2026-02-19 16:00:00+00:00,ethusdt,空,平,1925.21,3.64543461,0
2026-02-22 18:00:00+00:00,ethusdt,多,开,1939.23,3.60968013,0
2026-02-23 02:00:00+00:00,ethusdt,空,平,1854.93,3.60968013,0
2026-02-23 03:00:00+00:00,ethusdt,多,开,1861.45,3.76050928,0
2026-02-23 05:00:00+00:00,ethusdt,空,平,1858.16,3.76050928,0
2026-02-25 02:00:00+00:00,ethusdt,空,开,1917.35,3.6508723,0
2026-02-25 09:00:00+00:00,ethusdt,多,平,1909.42,3.6508723,0
2026-02-25 13:00:00+00:00,ethusdt,空,开,1952.65,3.5848902,0
2026-02-25 15:00:00+00:00,ethusdt,多,平,1996.61,3.5848902,0
2026-02-25 16:00:00+00:00,ethusdt,空,开,2012.86,3.47763878,0
2026-02-25 17:00:00+00:00,ethusdt,多,平,2045.53,3.47763878,0
2026-02-25 18:00:00+00:00,ethusdt,空,开,2073.1,3.37658579,0
2026-02-25 22:00:00+00:00,ethusdt,多,平,2099.45,3.37658579,0
2026-02-27 12:00:00+00:00,ethusdt,多,开,1960.79,3.56998965,0
2026-02-27 15:00:00+00:00,ethusdt,空,平,1941.91,3.56998965,0
2026-02-27 17:00:00+00:00,ethusdt,多,开,1926.0,3.63445673,0
2026-02-28 06:00:00+00:00,ethusdt,空,平,1919.16,3.63445673,0
2026-02-28 07:00:00+00:00,ethusdt,多,开,1841.51,3.80122834,0
2026-02-28 08:00:00+00:00,ethusdt,空,平,1865.37,3.80122834,0
2026-02-28 09:00:00+00:00,ethusdt,多,开,1851.43,3.78086128,0
2026-02-28 12:00:00+00:00,ethusdt,空,平,1862.28,3.78086128,0
2026-03-01 02:00:00+00:00,ethusdt,空,开,2011.62,3.47978246,0
2026-03-01 03:00:00+00:00,ethusdt,多,平,2032.17,3.47978246,0
2026-03-01 22:00:00+00:00,ethusdt,空,开,1927.64,3.63140229,0
2026-03-02 00:00:00+00:00,ethusdt,多,平,1938.57,3.63140229,0
2026-03-02 01:00:00+00:00,ethusdt,空,开,1959.77,3.57184772,0
2026-03-02 04:00:00+00:00,ethusdt,多,平,1971.36,3.57184772,0
2026-03-02 05:00:00+00:00,ethusdt,空,开,1972.14,3.54944375,0
2026-03-02 09:00:00+00:00,ethusdt,多,平,1947.96,3.54944375,0
2026-03-02 17:00:00+00:00,ethusdt,多,开,2063.34,3.39254126,0
2026-03-02 19:00:00+00:00,ethusdt,空,平,2028.33,3.39254126,0
2026-03-02 20:00:00+00:00,ethusdt,多,开,2042.44,3.42727326,0
2026-03-03 00:00:00+00:00,ethusdt,空,平,2026.69,3.42727326,0
2026-03-03 01:00:00+00:00,ethusdt,多,开,2034.52,3.44061499,0
2026-03-03 03:00:00+00:00,ethusdt,空,平,2012.68,3.44061499,0
2026-03-03 17:00:00+00:00,ethusdt,空,开,1983.08,3.52986264,0
2026-03-03 19:00:00+00:00,ethusdt,多,平,1987.38,3.52986264,0
2026-03-03 20:00:00+00:00,ethusdt,空,开,1985.14,3.52619966,0
2026-03-03 23:00:00+00:00,ethusdt,多,平,1982.38,3.52619966,0
2026-03-04 09:00:00+00:00,ethusdt,空,开,2063.27,3.39268924,0
2026-03-04 14:00:00+00:00,ethusdt,多,平,2063.47,3.39268924,0
2026-03-04 16:00:00+00:00,ethusdt,空,开,2149.3,3.25687433,0
2026-03-04 17:00:00+00:00,ethusdt,多,平,2141.24,3.25687433,0
2026-03-04 21:00:00+00:00,ethusdt,多,开,2148.49,3.25807187,0
2026-03-04 23:00:00+00:00,ethusdt,空,平,2130.97,3.25807187,0
2026-03-05 17:00:00+00:00,ethusdt,空,开,2079.17,3.36672807,0
2026-03-05 21:00:00+00:00,ethusdt,多,平,2091.42,3.36672807,0
2026-03-05 22:00:00+00:00,ethusdt,空,开,2079.73,3.36582152,0
2026-03-06 02:00:00+00:00,ethusdt,多,平,2086.7,3.36582152,0
2026-03-06 14:00:00+00:00,ethusdt,多,开,2018.52,3.46788736,0
2026-03-06 15:00:00+00:00,ethusdt,空,平,1980.27,3.46788736,0
2026-03-06 16:00:00+00:00,ethusdt,多,开,1976.42,3.5417394,0
2026-03-07 04:00:00+00:00,ethusdt,空,平,1979.15,3.5417394,0
2026-03-07 20:00:00+00:00,ethusdt,多,开,1954.01,3.58237675,0
2026-03-08 03:00:00+00:00,ethusdt,空,平,1941.19,3.58237675,0
2026-03-08 05:00:00+00:00,ethusdt,多,开,1937.09,3.61366792,0
2026-03-08 12:00:00+00:00,ethusdt,空,平,1950.29,3.61366792,0
2026-03-13 01:00:00+00:00,ethusdt,空,开,2118.16,3.30475507,0
2026-03-13 10:00:00+00:00,ethusdt,多,平,2112.59,3.30475507,0
2026-03-13 14:00:00+00:00,ethusdt,空,开,2184.54,3.20433592,0
2026-03-13 17:00:00+00:00,ethusdt,多,平,2132.89,3.20433592,0
2026-03-15 23:00:00+00:00,ethusdt,空,开,2183.74,3.20552449,0
2026-03-16 02:00:00+00:00,ethusdt,多,平,2184.99,3.20552449,0
2026-03-16 04:00:00+00:00,ethusdt,空,开,2235.14,3.13180889,0
2026-03-16 05:00:00+00:00,ethusdt,多,平,2262.25,3.13180889,0
2026-03-16 06:00:00+00:00,ethusdt,空,开,2279.42,3.07097012,0
2026-03-16 10:00:00+00:00,ethusdt,多,平,2259.23,3.07097012,0
2026-03-18 13:00:00+00:00,ethusdt,多,开,2236.48,3.12991844,0
2026-03-18 15:00:00+00:00,ethusdt,空,平,2189.1,3.12991844,0
2026-03-18 16:00:00+00:00,ethusdt,多,开,2186.25,3.20182962,0
2026-03-18 19:00:00+00:00,ethusdt,空,平,2180.26,3.20182962,0
2026-03-19 09:00:00+00:00,ethusdt,多,开,2159.63,3.24128095,0
2026-03-19 11:00:00+00:00,ethusdt,空,平,2171.73,3.24128095,0
2026-03-19 13:00:00+00:00,ethusdt,多,开,2131.34,3.28431879,0
2026-03-19 15:00:00+00:00,ethusdt,空,平,2120.6,3.28431879,0
2026-03-19 16:00:00+00:00,ethusdt,多,开,2117.62,3.30559779,0
2026-03-20 00:00:00+00:00,ethusdt,空,平,2136.56,3.30559779,0
2026-03-22 00:00:00+00:00,ethusdt,多,开,2083.37,3.35994087,0
2026-03-22 06:00:00+00:00,ethusdt,空,平,2112.02,3.35994087,0
2026-03-22 22:00:00+00:00,ethusdt,多,开,2044.83,3.42326746,0
2026-03-23 00:00:00+00:00,ethusdt,空,平,2052.86,3.42326746,0
2026-03-23 14:00:00+00:00,ethusdt,空,开,2184.74,3.20404259,0
2026-03-23 18:00:00+00:00,ethusdt,多,平,2151.45,3.20404259,0
2026-03-26 10:00:00+00:00,ethusdt,多,开,2081.29,3.36329872,0
2026-03-26 12:00:00+00:00,ethusdt,空,平,2067.34,3.36329872,0
2026-03-27 11:00:00+00:00,ethusdt,多,开,1989.69,3.51811831,0
2026-03-27 14:00:00+00:00,ethusdt,空,平,1977.94,3.51811831,0
