trade_id,symbol,signal_type,entry_price,exit_price,quantity,pnl,pnl_pct,fees,exit_reason,entry_seq,exit_seq,strategy,regime,bars_held,atr_at_entry,stop_loss,take_profit,equity_after
bt_pos_1,BTCUSDT,long,124277.70000000001,124349.0,0.0040232479358726465,9.639900480937419,0.09639996880906228,0.4001147430311311,time_exit,15,23,volatility_breakout,MIXED,8,262.70666666666705,123883.64000000001,124934.46666666667,10009.539900480937
bt_pos_2,BTCUSDT,long,123813.1,124229.9,0.004042197433260671,58.566520645229716,0.5851128713066907,0.4010555111753107,time_exit,35,43,momentum,MIXED,8,265.199999999999,123415.3,124476.1,10068.006325727163
bt_pos_3,BTCUSDT,long,124132.30000000002,124720.70000000001,0.004055353169854729,83.11226845903631,0.8255169583838075,0.40367472095114354,take_profit,44,51,volatility_breakout,MIXED,7,235.35999999999962,123779.26000000002,124720.70000000001,10151.017914122942
bt_pos_4,BTCUSDT,short,123825.4,123043.26666666666,0.004098923934072873,111.80191803271752,1.1013972885175236,0.4047583545490632,take_profit,55,56,momentum,MIXED,1,312.8533333333316,124294.68,123043.26666666666,10262.718321976517
bt_pos_5,BTCUSDT,long,121322.80000000002,121973.2,0.0042295093428343705,95.8689415982489,0.9341569873544779,0.41160908202969243,time_exit,78,86,momentum,MIXED,8,488.6800000000008,120589.78000000001,122544.50000000001,10358.484636391546
bt_pos_6,BTCUSDT,long,121956.80000000002,121458.41000000002,0.004246784368067851,-74.49291290555787,-0.719155942756572,0.41349276351118136,stop_loss,91,94,volatility_breakout,MIXED,3,332.26000000000056,121458.41000000002,122787.45000000001,10283.888138639624
bt_pos_7,BTCUSDT,long,121868.9,121995.0,0.00421924220971865,18.21005714847148,0.17707543105649612,0.41156834412264326,time_exit,99,107,momentum,MIXED,8,305.0533333333345,121411.31999999999,122631.53333333333,10301.99535690671
bt_pos_8,BTCUSDT,long,121537.20000000001,122334.21666666667,0.004238206638340652,117.8138154809103,1.1436133443009229,0.4134309828072823,take_profit,122,130,volatility_breakout,MIXED,8,318.80666666666804,121058.99,122334.21666666667,10419.70615243405
bt_pos_9,BTCUSDT,long,122484.80000000002,122959.1,0.004253469064093687,70.19211798423731,0.6736545050844773,0.4175952142482019,time_exit,133,141,volatility_breakout,MIXED,8,340.8666666666667,121973.50000000001,123336.96666666669,10489.794073356763
bt_pos_10,BTCUSDT,long,122825.70000000001,122315.78000000001,0.004270195111184696,-76.62974696811307,-0.7305244768139079,0.4187207797778325,stop_loss,143,150,volatility_breakout,MIXED,7,339.9466666666655,122315.78000000001,123675.56666666668,10413.059428447916
bt_pos_11,BTCUSDT,long,123381.80000000002,122780.20000000001,0.004219852291200126,-89.26871675539327,-0.8572851241740543,0.4155069118825623,stop_loss,175,179,volatility_breakout,MIXED,4,401.06666666666666,122780.20000000001,124384.46666666669,10323.686581098236
bt_pos_12,BTCUSDT,long,123228.80000000002,123000.0,0.004188828659005945,-33.95670400296723,-0.3289236195486148,0.41256410164505725,time_exit,185,193,volatility_breakout,MIXED,8,277.1399999999994,122813.09000000003,123921.65000000002,10289.626640229459
bt_pos_13,BTCUSDT,long,122284.30000000002,121975.77000000002,0.004207255812982312,-45.84332809903475,-0.4455340134273113,0.4110658397547866,stop_loss,198,201,volatility_breakout,MIXED,3,205.68666666666493,121975.77000000002,122798.51666666668,10243.680415864023
bt_pos_14,BTCUSDT,long,121988.4,122052.6,0.004198628892527496,9.024464084086475,0.08809874930941583,0.4098550374245211,time_exit,207,215,momentum,MIXED,8,300.9866666666659,121536.92,122740.86666666665,10252.602443143951
bt_pos_15,BTCUSDT,long,121915.20000000001,121575.12000000001,0.004204808934055782,-50.458531889436266,-0.4921583252605653,0.4095321091568406,stop_loss,220,225,volatility_breakout,MIXED,5,226.72000000000116,121575.12000000001,122482.00000000001,10202.041385230083
bt_pos_16,BTCUSDT,long,121619.6,122337.90000000001,0.004194242287110828,105.03606147400708,1.0295695525916226,0.40928674510313595,take_profit,230,237,momentum,MIXED,7,287.3200000000002,121188.62000000001,122337.90000000001,10306.975426290237
bt_pos_17,BTCUSDT,long,120915.6,120897.6,0.004262053625127873,-3.097342114096069,-0.0300512319057869,0.4122483302655086,time_exit,263,271,momentum,MIXED,8,592.0000000000019,120027.6,122395.6,10303.775014421879
bt_pos_18,BTCUSDT,long,121268.70000000001,121455.1,0.004248324181929004,27.303599207276083,0.26498901817811576,0.41246775562787974,time_exit,277,285,volatility_breakout,MIXED,8,305.600000000001,120810.30000000002,122032.70000000001,10330.97557587901
bt_pos_19,BTCUSDT,long,121579.30000000002,121575.3,0.004248657286182356,-1.0080442452511962,-0.009757590833416367,0.4132322251835025,time_exit,287,295,volatility_breakout,MIXED,8,198.5333333333343,121281.50000000001,122075.63333333336,10329.864221878
bt_pos_20,BTCUSDT,long,121575.30000000002,121284.64000000001,0.004248340008981265,-43.63148838524015,-0.4223862363270713,0.4127006398723159,stop_loss,295,296,volatility_breakout,MIXED,1,193.77333333333274,121284.64000000001,122059.73333333335,10286.12943485054
bt_pos_21,BTCUSDT,long,121292.30000000002,120979.22000000002,0.004240223589976668,-46.87443621995999,-0.45570984952019306,0.4109141657134017,stop_loss,297,299,volatility_breakout,MIXED,2,208.7200000000002,120979.22000000002,121814.10000000002,10239.152137336232
bt_pos_22,BTCUSDT,long,121042.30000000002,121050.1,0.004229575998364304,0.7450949657811673,0.007276993317526559,0.40957928177056424,time_exit,300,308,volatility_breakout,MIXED,8,228.02000000000118,120700.27000000002,121612.35000000002,10239.79484078064
bt_pos_23,BTCUSDT,long,121214.20000000001,121452.4,0.0042238429329157145,34.80418429032986,0.33989482091029727,0.40999424138587387,time_exit,316,324,volatility_breakout,MIXED,8,276.5800000000008,120799.33000000002,121905.65000000001,10274.496627122562
bt_pos_24,BTCUSDT,long,121263.20000000001,121403.7,0.004236444620924798,20.42149847012294,0.19876110167033104,0.41121795327259847,time_exit,330,338,volatility_breakout,MIXED,8,226.73333333333528,120923.1,121830.03333333335,10294.815380626414
bt_pos_25,BTCUSDT,long,121403.70000000001,121896.21666666667,0.004239910060659771,72.67529504571787,0.7059477913776223,0.4126279057730736,take_profit,338,341,volatility_breakout,MIXED,3,197.0066666666661,121108.19000000002,121896.21666666667,10367.387727518326
bt_pos_26,BTCUSDT,short,112111.6,111885.4,0.00462369091490904,36.19148381579001,0.3490932015418189,0.4142771575467521,time_exit,438,446,momentum,MIXED,8,336.6533333333345,112616.58,111269.96666666667,10403.475537456841
bt_pos_27,BTCUSDT,long,111997.20000000001,111555.62000000001,0.0046445248351998265,-72.19784333525175,-0.6939850539462518,0.4153186497875826,stop_loss,454,460,volatility_breakout,MIXED,6,294.3866666666659,111555.62000000001,112733.16666666667,10331.173659366214
bt_pos_28,BTCUSDT,long,110978.80000000002,110201.80000000002,0.004654570809634909,-126.99285347378837,-1.2292322983061077,0.41180030576701404,stop_loss,475,481,volatility_breakout,MIXED,6,518.000000000001,110201.80000000002,112273.80000000002,10204.077494155832
bt_pos_29,BTCUSDT,long,110402.5,109810.44,0.004621307259417057,-96.17025982366165,-0.942478353295112,0.4070686632958292,stop_loss,489,491,momentum,MIXED,2,394.7066666666661,109810.44,111389.26666666666,10107.805193557228
bt_pos_30,BTCUSDT,short,111464.0,111772.1,0.0045341119973970195,-49.29846771563653,-0.48773160702253165,0.40487099170484836,time_exit,511,519,momentum,MIXED,8,308.88666666666785,111927.33,110691.78333333333,10058.405647789656
bt_pos_31,BTCUSDT,long,111589.70000000001,111711.3,0.004506870099923942,18.778683705201672,0.18669829147369182,0.40255544007324656,time_exit,523,531,volatility_breakout,MIXED,8,263.56666666666666,111194.35,112248.61666666668,10077.083747438379
bt_pos_32,BTCUSDT,long,114262.70000000001,114236.4,0.004409612125145992,-4.462084921977559,-0.04427996883927135,0.4030369607779786,time_exit,549,557,volatility_breakout,MIXED,8,727.0666666666687,113172.1,116080.36666666668,10072.520891678927
bt_pos_33,BTCUSDT,long,114570.20000000001,115317.25000000001,0.004395785680604087,114.53129485999114,1.137078209279368,0.4042143843442353,take_profit,599,602,volatility_breakout,MIXED,3,298.8200000000002,114121.97000000002,115317.25000000001,10186.951461330002
bt_pos_34,BTCUSDT,long,115057.20000000001,114601.34000000001,0.004426907425754321,-71.0384215070984,-0.697354180670088,0.4066708384455583,stop_loss,615,620,volatility_breakout,MIXED,5,303.9066666666651,114601.34000000001,115816.96666666667,10115.811170308289
bt_pos_35,BTCUSDT,long,114293.20000000001,115225.45000000001,0.004425377524782003,143.98825424163945,1.423412237678144,0.4062826700913228,take_profit,625,630,volatility_breakout,MIXED,5,372.89999999999804,113733.85000000002,115225.45000000001,10259.698266438225
bt_pos_36,BTCUSDT,long,115426.20000000001,115517.4,0.004444267534770365,13.775551913447092,0.1342699299004452,0.41055005753719737,time_exit,657,665,volatility_breakout,MIXED,8,392.1533333333316,114837.97000000002,116406.58333333334,10273.371221369009
bt_pos_37,BTCUSDT,long,115443.30000000002,115102.30000000002,0.004449531164376368,-53.51548237963589,-0.5209197291391156,0.4103279328039395,stop_loss,667,670,volatility_breakout,MIXED,3,227.33333333333238,115102.30000000002,116011.63333333335,10219.753005277158
bt_pos_38,BTCUSDT,long,114036.80000000002,113661.87000000001,0.004480901342933666,-59.208970028190244,-0.5793639248740898,0.40811811047488394,stop_loss,680,683,volatility_breakout,MIXED,3,249.95333333333448,113661.87000000001,114661.68333333335,10160.441837718914
bt_pos_39,BTCUSDT,short,112740.0,112900.6,0.004506138831700778,-25.735713520858297,-0.2532957846874994,0.40670714786730505,time_exit,768,776,momentum,MIXED,8,297.2999999999971,113185.95,111996.75,10134.604519779678
bt_pos_40,BTCUSDT,long,112382.20000000001,113217.73333333334,0.004508990089079799,131.45251202295324,1.297078996073905,0.4068911453988254,take_profit,798,802,volatility_breakout,MIXED,4,334.21333333333314,111880.88,113217.73333333334,10265.955685757433
bt_pos_41,BTCUSDT,short,112500.80000000002,111625.58333333336,0.004562614526188894,139.35562877443786,1.3574676007807003,0.4090409169195389,take_profit,806,813,momentum,MIXED,7,350.0866666666659,113025.93000000002,111625.58333333336,10405.208654975013
bt_pos_42,BTCUSDT,long,110826.70000000001,110843.2,0.004694360048154015,2.2947535988312344,0.02205411369141075,0.41623932897531835,time_exit,861,869,volatility_breakout,MIXED,8,434.7400000000014,110174.59000000001,111913.55000000002,10407.399356487294
bt_pos_43,BTCUSDT,long,111357.70000000001,111493.2,0.004672959012482878,21.744958868059705,0.20893957822679665,0.41654924863796833,time_exit,873,881,volatility_breakout,MIXED,8,365.2066666666661,110809.89000000001,112270.71666666667,10429.040241361789
bt_pos_44,BTCUSDT,long,111493.20000000001,110991.14000000001,0.004676984892962884,-82.60066859647304,-0.7920335208202567,0.41622235884032716,stop_loss,881,882,volatility_breakout,MIXED,1,334.7066666666661,110991.14000000001,112329.96666666667,10346.335282362901
bt_pos_45,BTCUSDT,long,110998.70000000001,110700.0,0.004660565971656831,-49.13718351756045,-0.4749283060454552,0.41329656687222255,time_exit,885,893,volatility_breakout,MIXED,8,328.49333333333294,110505.96,111819.93333333335,10297.094635492518
bt_pos_46,BTCUSDT,long,111422.30000000002,111470.9,0.0046207512479514955,7.447924259937767,0.07233107010838813,0.4119736128239609,time_exit,907,915,volatility_breakout,MIXED,8,470.47333333333466,110716.59000000001,112598.48333333335,10304.4395888061
bt_pos_47,BTCUSDT,short,108441.80000000002,108929.76000000001,0.0047511382090697956,-81.5558939471305,-0.7914715672924335,0.4131049297124431,stop_loss,968,971,momentum,MIXED,3,325.3066666666661,108929.76000000001,107628.53333333335,10222.780650463083
bt_pos_48,BTCUSDT,long,108981.20000000001,108770.4,0.004690157866890382,-35.01250049382729,-0.34249830666911024,0.4085157519071871,time_exit,973,981,volatility_breakout,MIXED,8,314.6199999999992,108509.27000000002,109767.75000000001,10187.66592216275
bt_pos_49,BTCUSDT,short,108770.4,108103.73333333334,0.0046831058459667115,108.86621193056075,1.068618675124903,0.406257808660919,take_profit,981,985,momentum,MIXED,4,266.6666666666657,109170.4,108103.73333333334,10296.430257434089
bt_pos_50,BTCUSDT,long,107364.20000000001,106856.91000000002,0.004795094760373611,-85.5485109434954,-0.8308643316006786,0.4108842088489677,stop_loss,1045,1050,volatility_breakout,MIXED,5,338.19333333333293,106856.91000000002,108209.68333333335,10210.77878218802
bt_pos_51,BTCUSDT,short,106929.70000000001,106783.0,0.004774528864379129,24.106667472222824,0.23609275115587688,0.4081509819337591,time_exit,1051,1059,momentum,MIXED,8,276.10666666666606,107343.86000000002,106239.43333333335,10234.78334187242
bt_pos_52,BTCUSDT,short,106938.6,106614.1,0.0047853550270306605,53.940899524908346,0.5270403596978276,0.4087701945923882,time_exit,1065,1073,momentum,MIXED,8,241.51333333333508,107300.87000000001,106334.81666666667,10288.62189356391
bt_pos_53,BTCUSDT,long,106755.4,107362.33333333333,0.004818782887593467,101.95108387245888,0.9909208876386971,0.41271474772678723,take_profit,1079,1084,momentum,MIXED,5,242.7733333333337,106391.23999999999,107362.33333333333,10390.470091217432
bt_pos_54,BTCUSDT,long,106658.80000000002,107014.4,0.004870892083549332,60.206811232512365,0.5794484058766107,0.4163116393386614,time_exit,1090,1098,volatility_breakout,MIXED,8,275.2333333333324,106245.95000000001,107346.88333333335,10450.572997749032
bt_pos_55,BTCUSDT,long,106836.70000000001,106943.1,0.004890909676987885,17.795516560076074,0.1702843903473455,0.41823107702581386,time_exit,1101,1109,volatility_breakout,MIXED,8,223.7266666666663,106501.11000000002,107396.01666666668,10468.26400857913
bt_pos_56,BTCUSDT,long,106836.70000000001,106893.2,0.004899189140332456,9.269305242987201,0.08854761333273554,0.41884128201773674,time_exit,1111,1119,volatility_breakout,MIXED,8,183.51999999999921,106561.42000000001,107295.50000000001,10477.428631182032
bt_pos_57,BTCUSDT,long,106893.20000000001,106631.78000000001,0.004900886413346233,-45.260225085550545,-0.4319826866453329,0.41858466935681055,stop_loss,1119,1122,volatility_breakout,MIXED,3,174.2799999999998,106631.78000000001,107328.90000000001,10432.06363181017
bt_pos_58,BTCUSDT,long,106601.30000000002,106792.4,0.004893028336338379,32.30936345923682,0.3097151982238821,0.4176565683584365,time_exit,1123,1131,volatility_breakout,MIXED,8,193.38666666666492,106311.22000000002,107084.76666666668,10464.26867463309
bt_pos_59,BTCUSDT,long,106792.4,107207.58333333333,0.0048993508314417,70.7751239293502,0.6763571720901815,0.41938439850907056,take_profit,1131,1136,momentum,MIXED,5,166.07333333333276,106543.29,107207.58333333333,10534.939155875692
bt_pos_60,BTCUSDT,long,107065.20000000001,107016.9,0.004919870861809296,-8.738344206221598,-0.08294714816329797,0.42130251432997756,time_exit,1144,1152,volatility_breakout,MIXED,8,164.02000000000118,106819.17000000001,107475.25000000001,10526.095462277912
bt_pos_61,BTCUSDT,long,107024.80000000002,106789.85000000002,0.004917596417969438,-40.85920640684644,-0.3881744674406952,0.4205816627797558,stop_loss,1153,1154,volatility_breakout,MIXED,1,156.63333333333333,106789.85000000002,107416.38333333335,10485.130994916442
bt_pos_62,BTCUSDT,long,106756.80000000002,106791.8,0.004910755565414307,5.59620157725545,0.05337327251842737,0.41947399037457345,time_exit,1156,1164,volatility_breakout,MIXED,8,155.30666666666608,106523.84000000003,107145.06666666668,10490.622345183749
bt_pos_63,BTCUSDT,long,107084.2,106923.1,0.0048983054200263665,-28.038404357823257,-0.2672737977031771,0.4193092470060835,time_exit,1165,1173,momentum,MIXED,8,154.62000000000117,106852.26999999999,107470.75,10462.479034602473
bt_pos_64,BTCUSDT,short,106846.1,106733.3,0.004896050971725909,18.911330984810135,0.18075563198229808,0.41827825156425463,time_exit,1175,1183,momentum,MIXED,8,149.45333333333548,107070.28000000001,106472.46666666667,10481.285740796937
bt_pos_65,BTCUSDT,long,106733.30000000002,106525.64000000001,0.004910035453226376,-36.10547226004221,-0.3444790478122211,0.4188435824469907,stop_loss,1183,1185,volatility_breakout,MIXED,2,138.43999999999943,106525.64000000001,107079.40000000002,10445.075455679487
bt_pos_66,BTCUSDT,long,107767.20000000001,107772.9,0.004846129182014326,0.5489887044071816,0.005256009845774841,0.41781406740171445,time_exit,1198,1206,volatility_breakout,MIXED,8,515.3466666666665,106994.18000000001,109055.56666666668,10445.519993629337
bt_pos_67,BTCUSDT,long,108309.80000000002,109050.95000000001,0.004822056726920989,124.66610666382877,1.1935006913336632,0.41925034668243666,take_profit,1214,1220,volatility_breakout,MIXED,6,296.4600000000006,107865.11000000002,109050.95000000001,10570.081645093229
bt_pos_68,BTCUSDT,long,109036.30000000002,108850.0,0.004847047104997707,-32.027612711993974,-0.3030055402286479,0.42244206385346483,time_exit,1223,1231,volatility_breakout,MIXED,8,324.33333333332945,108549.80000000002,109847.13333333335,10537.948331564783
bt_pos_69,BTCUSDT,long,108821.80000000002,109004.2,0.004841836990182473,30.488416151632062,0.2893231213472383,0.42187119368939496,time_exit,1232,1240,volatility_breakout,MIXED,8,315.44666666666456,108348.63000000002,109610.41666666669,10568.3313682331
bt_pos_70,BTCUSDT,long,109224.80000000002,108901.30000000002,0.004837880851341956,-55.19901317226646,-0.5223110748953252,0.42210723294716035,stop_loss,1242,1244,volatility_breakout,MIXED,2,215.6666666666657,108901.30000000002,109763.96666666667,10513.026671747151
bt_pos_71,BTCUSDT,long,108586.20000000001,108260.20000000001,0.004840866828265079,-55.65418032834003,-0.5293883351906268,0.41988981783548024,stop_loss,1247,1248,volatility_breakout,MIXED,1,217.33333333333334,108260.20000000001,109129.53333333334,10457.267361152093
bt_pos_72,BTCUSDT,long,111126.20000000001,110695.74000000002,0.004705131355680341,-71.30546006392296,-0.6818815151513762,0.41748054610873736,stop_loss,1279,1285,volatility_breakout,MIXED,6,286.97333333333273,110695.74000000002,111843.63333333335,10385.857328414559
bt_pos_73,BTCUSDT,long,110765.20000000001,110697.6,0.004688231199155762,-11.507662540568445,-0.1108023849592139,0.4153075233649572,time_exit,1293,1301,volatility_breakout,MIXED,8,271.3933333333329,110358.11000000002,111443.68333333335,10374.245807300706
bt_pos_74,BTCUSDT,long,110729.9,111038.9,0.004684482604653624,50.24713053498699,0.4843497440166316,0.4155488343419635,time_exit,1322,1330,momentum,MIXED,8,481.9533333333355,110006.96999999999,111934.78333333333,10424.389195377618
bt_pos_75,BTCUSDT,long,111037.20000000001,110525.90000000001,0.004694097651677824,-84.41924005656436,-0.8098324292692418,0.4160155309633836,stop_loss,1331,1335,volatility_breakout,MIXED,4,340.8666666666667,110525.90000000001,111889.36666666668,10339.8657114291
bt_pos_76,BTCUSDT,short,110607.30000000002,110110.0,0.004674133493643321,80.94296567378908,0.7828319764546801,0.4126648498226085,time_exit,1336,1344,momentum,MIXED,8,271.09333333333393,111013.94000000002,109929.56666666668,10420.705278445774
bt_pos_77,BTCUSDT,long,109422.20000000001,108939.80000000002,0.00476169610848885,-80.81238648998152,-0.7755059994747385,0.41590939425673695,stop_loss,1358,1360,volatility_breakout,MIXED,2,321.6,108939.80000000002,110226.20000000001,10339.78868490301
bt_pos_78,BTCUSDT,short,108570.30000000002,109311.96000000002,0.004761794286698576,-124.02213647388727,-1.1994768992594527,0.4150042003363896,stop_loss,1398,1400,momentum,MIXED,2,494.4399999999975,109311.96000000002,107334.20000000003,10215.663150542272
bt_pos_79,BTCUSDT,long,108436.30000000002,108002.14000000001,0.004710444357905181,-71.98583677639726,-0.7046684643095584,0.4078084914127197,stop_loss,1458,1461,volatility_breakout,MIXED,3,289.4400000000004,108002.14000000001,109159.90000000002,10143.57515713437
bt_pos_80,BTCUSDT,long,107936.70000000001,108171.2,0.004698853660124114,38.15965765670757,0.37619910796698447,0.4061837587586944,time_exit,1467,1475,volatility_breakout,MIXED,8,260.6799999999988,107545.68000000001,108588.40000000001,10181.633379039507
bt_pos_81,BTCUSDT,long,107987.8,107644.4,0.004714251692802107,-57.06720888133903,-0.5604972938489183,0.4066177855490571,time_exit,1515,1523,momentum,MIXED,8,501.31999999999823,107235.82,109241.1,10124.464353824378
bt_pos_82,BTCUSDT,long,107647.80000000002,108099.9,0.004702587676582511,74.00556711029112,0.7309651610893172,0.4058289901084083,time_exit,1536,1544,volatility_breakout,MIXED,8,445.54000000000036,106979.49000000002,108761.65000000002,10198.368676291131
bt_pos_83,BTCUSDT,short,109228.6,109788.3,0.004668360061509134,-91.85981932443491,-0.9007395285225311,0.4089798995022159,stop_loss,1567,1569,momentum,MIXED,2,373.13333333333236,109788.3,108295.76666666668,10106.406873279933
bt_pos_84,BTCUSDT,long,109542.6,109033.16,0.004613003011285077,-82.6550051480474,-0.817855769540568,0.40331625562956974,stop_loss,1576,1582,momentum,MIXED,6,339.6266666666653,109033.16,110391.66666666667,10023.650804063152
bt_pos_85,BTCUSDT,long,110472.30000000002,109743.48000000001,0.004536725859814249,-116.1256023897909,-1.1585276255868244,0.39962344954606627,stop_loss,1610,1616,volatility_breakout,MIXED,6,485.88000000000176,109743.48000000001,111687.00000000003,9907.42496516532
bt_pos_86,BTCUSDT,short,109852.1,109814.8,0.0045094381287045585,5.490841759234528,0.055422036376831504,0.3962297177897326,time_exit,1616,1624,momentum,MIXED,8,464.06666666666763,110548.20000000001,108691.93333333333,9912.816732674903
bt_pos_87,BTCUSDT,long,109954.70000000001,110329.7,0.004507682133039744,58.766139174517384,0.5928358046616284,0.3971888216269521,time_exit,1626,1634,volatility_breakout,MIXED,8,321.63999999999845,109472.24000000002,110758.8,9971.483743682093
bt_pos_88,BTCUSDT,long,110446.30000000002,111115.41666666669,0.004514177362067399,105.31782826943258,1.0562007035811192,0.40006755427098317,take_profit,1644,1650,volatility_breakout,MIXED,6,267.6466666666655,110044.83000000002,111115.41666666669,10076.701857114089
bt_pos_89,BTCUSDT,long,111167.30000000002,110751.33000000002,0.004532223890080126,-66.38673497109818,-0.658820711245094,0.40231396661594093,stop_loss,1656,1663,volatility_breakout,MIXED,7,277.3133333333322,110751.33000000002,111860.58333333334,10010.214355124419
bt_pos_90,BTCUSDT,short,110771.1,111174.82,0.00451842328690625,-64.24736297398762,-0.6418244722317299,0.4011382453447327,stop_loss,1665,1667,momentum,MIXED,2,269.1466666666665,111174.82,110098.23333333334,9945.86689000688
bt_pos_91,BTCUSDT,long,111045.80000000002,111063.4,0.004478272429036883,2.360749613644895,0.023736223775014505,0.3978662026381756,time_exit,1667,1675,volatility_breakout,MIXED,8,275.18666666666684,110633.02000000002,111733.76666666669,9948.128180951626
bt_pos_92,BTCUSDT,short,110940.70000000001,111346.57,0.004483534077643112,-64.08927218328311,-0.6442409256962668,0.3986530200285022,stop_loss,1678,1682,momentum,MIXED,4,270.5800000000008,111346.57,110264.25000000001,9883.939427486534
bt_pos_93,BTCUSDT,long,110308.1,110695.8,0.004480151243420263,60.39735993863651,0.6110717731668128,0.39605235895429103,time_exit,1702,1710,momentum,MIXED,8,445.8799999999959,109639.28000000001,111422.79999999999,9944.237948030895
bt_pos_94,BTCUSDT,long,110976.30000000002,110750.1,0.004480343076869068,-35.86824027605387,-0.36069731184525805,0.39736413647964075,time_exit,1722,1730,volatility_breakout,MIXED,8,235.6599999999996,110622.81000000001,111565.45000000001,9908.270265375362
bt_pos_95,BTCUSDT,short,110750.1,111032.84,0.004473255674430706,-44.66372754653614,-0.4507767046318652,0.39683671793877,stop_loss,1730,1733,momentum,MIXED,3,188.49333333333198,111032.84,110278.86666666667,9863.507455126171
bt_pos_96,BTCUSDT,long,111026.70000000001,110962.3,0.004441952906429791,-10.406587724592285,-0.10550700994403092,0.39442587349817726,time_exit,1735,1743,volatility_breakout,MIXED,8,172.09999999999903,110768.55000000002,111456.95000000001,9853.002232327028
bt_pos_97,BTCUSDT,long,111226.30000000002,111312.3,0.004429259191543289,12.937797710733772,0.13130949110674325,0.3942724558092702,time_exit,1746,1754,volatility_breakout,MIXED,8,158.07333333333372,110989.19000000002,111621.48333333335,9865.841500015438
bt_pos_98,BTCUSDT,long,111312.30000000002,111671.80000000002,0.004431604368976042,55.36539104793217,0.5611882646532746,0.3952709247088763,take_profit,1754,1758,volatility_breakout,MIXED,4,143.80000000000194,111096.60000000002,111671.80000000002,9921.10823264837
bt_pos_99,BTCUSDT,long,111559.20000000001,111621.6,0.0044465665909438085,9.314346119012328,0.09388506853249536,0.3969553156080448,time_exit,1762,1770,volatility_breakout,MIXED,8,155.17333333333565,111326.44,111947.13333333335,9930.323367685056
bt_pos_100,BTCUSDT,short,111485.4,111763.43999999999,0.004453642973736945,-43.737889485687084,-0.4404521912276055,0.39770825106436936,stop_loss,1772,1779,momentum,MIXED,7,185.35999999999962,111763.43999999999,111022.0,9886.486174965692
bt_pos_101,BTCUSDT,long,102955.80000000002,102545.8,0.004801325508114011,-69.2936930710538,-0.7009000446526635,0.394672029615297,time_exit,3079,3087,volatility_breakout,MIXED,8,324.2666666666647,102469.40000000002,103766.46666666667,9817.09361703289
bt_pos_102,BTCUSDT,long,102501.80000000002,102100.66000000002,0.004788742059667678,-67.62537500581352,-0.6888602055194154,0.3919153622853896,stop_loss,3110,3118,volatility_breakout,MIXED,8,267.4266666666663,102100.66000000002,103170.36666666668,9749.370071090907
bt_pos_103,BTCUSDT,long,101952.80000000002,101584.44000000002,0.00478131550633769,-62.032858601701065,-0.6362819185665519,0.3892703046916705,stop_loss,3145,3149,volatility_breakout,MIXED,4,245.57333333333372,101584.44000000002,102566.73333333335,9687.239718788496
bt_pos_104,BTCUSDT,long,101934.30000000002,102224.1,0.004751707579680488,47.808529574003074,0.49352559709401717,0.3880404066941764,time_exit,3151,3159,volatility_breakout,MIXED,8,232.65999999999767,101585.31000000003,102515.95000000001,9734.951375965313
bt_pos_105,BTCUSDT,long,102315.80000000002,102028.51000000002,0.00475730599573346,-48.22427674746105,-0.49537750249183,0.3888513644628068,stop_loss,3160,3168,volatility_breakout,MIXED,8,191.5266666666624,102028.51000000002,102794.61666666667,9686.62974970409
bt_pos_106,BTCUSDT,short,101735.1,101997.64000000001,0.004760711765017231,-44.13366947846307,-0.4556188474213076,0.38796514089487866,stop_loss,3169,3170,momentum,MIXED,1,175.02666666666724,101997.64000000001,101297.53333333334,9642.39921392813
bt_pos_107,BTCUSDT,long,101673.80000000002,101698.9,0.004741830842325225,3.7799548184400638,0.03920178510039464,0.38574357653878216,time_exit,3187,3195,volatility_breakout,MIXED,8,256.7733333333318,101288.64000000001,102315.73333333335,9646.08274475443
bt_pos_108,BTCUSDT,long,101819.70000000001,101862.5,0.004736845003842296,6.709869411177186,0.06956125805774552,0.385924404576643,time_exit,3198,3206,volatility_breakout,MIXED,8,195.81333333333313,101525.98000000001,102309.23333333334,9652.69615333816
bt_pos_109,BTCUSDT,long,102126.80000000002,102627.20000000001,0.00472583893421617,82.38128932380644,0.8534622020237109,0.3870537700545992,take_profit,3214,3222,volatility_breakout,MIXED,8,200.1600000000006,101826.56000000001,102627.20000000001,9734.980915700433
bt_pos_110,BTCUSDT,long,103568.20000000001,104543.45000000001,0.004699792463179061,160.03030836437037,1.6438851813808912,0.39123262566790346,take_profit,3240,3243,volatility_breakout,MIXED,3,390.09999999999906,102983.05000000002,104543.45000000001,9894.913874255646
bt_pos_111,BTCUSDT,long,105872.30000000002,106141.5,0.004673041897765348,43.63310101262048,0.44096934953136546,0.39629974812177726,time_exit,3282,3290,volatility_breakout,MIXED,8,335.96666666666766,105368.35000000002,106712.21666666669,9938.448026129523
bt_pos_112,BTCUSDT,long,106291.80000000002,105897.62000000002,0.004675077487694028,-64.89557233569951,-0.6529814426487068,0.3968007922275413,stop_loss,3294,3298,volatility_breakout,MIXED,4,262.78666666666686,105897.62000000002,106948.76666666669,9873.453069313562
bt_pos_113,BTCUSDT,long,105931.20000000001,106544.18333333335,0.004660313991210126,99.5882373642246,1.0086565718945677,0.3960808006944273,take_profit,3299,3303,volatility_breakout,MIXED,4,245.1933333333349,105563.41,106544.18333333335,9972.942572147094
bt_pos_114,BTCUSDT,long,106236.0,105870.0,0.004693767918665563,-60.52539757336845,-0.6069021494462092,0.39823053526259117,stop_loss,3310,3312,momentum,MIXED,2,244.0,105870.0,106846.0,9912.317445148004
bt_pos_115,BTCUSDT,long,105878.20000000001,106467.65000000001,0.004681000170548803,96.1749478845231,0.9702666422441589,0.3975963840261323,take_profit,3313,3316,volatility_breakout,MIXED,3,235.77999999999787,105524.53000000001,106467.65000000001,10008.393269858076
bt_pos_116,BTCUSDT,long,105638.7,105750.3,0.004737086536400995,18.102512816845945,0.18087512506431602,0.400547194337308,time_exit,3334,3342,momentum,MIXED,8,493.699999999999,104898.15,106872.95,10026.395698742223
bt_pos_117,BTCUSDT,long,106135.80000000002,105630.72000000002,0.00472338065890219,-83.89908016584984,-0.8367904248539327,0.40010155390840957,stop_loss,3357,3361,volatility_breakout,MIXED,4,336.72000000000213,105630.72000000002,106977.60000000002,9942.396354619386
bt_pos_118,BTCUSDT,long,104952.30000000002,104975.7,0.004736626236213682,3.4815566984492823,0.035017629454561286,0.3977401890063464,time_exit,3386,3394,volatility_breakout,MIXED,8,322.49999999999903,104468.55000000002,105758.55000000002,9945.77848735429
bt_pos_119,BTCUSDT,long,105287.20000000001,105250.2,0.004723166010376517,-6.514261220077214,-0.06549840589777449,0.397761236637218,time_exit,3397,3405,momentum,MIXED,8,287.60666666666606,104855.79000000001,106006.21666666667,9939.164768349337
bt_pos_120,BTCUSDT,long,105250.20000000001,104869.76000000001,0.004721684504328418,-63.267965912607835,-0.6365585043933351,0.3968480636728428,stop_loss,3405,3410,volatility_breakout,MIXED,5,253.62666666666627,104869.76000000001,105884.26666666668,9875.797410789046
bt_pos_121,BTCUSDT,long,103124.80000000002,103296.1,0.004788274697642586,28.31274096070033,0.2866910175780846,0.3953599890138443,time_exit,3462,3470,volatility_breakout,MIXED,8,307.8866666666659,102662.97000000002,103894.51666666668,9904.011393775638
bt_pos_122,BTCUSDT,long,103380.20000000001,103096.64000000001,0.00479009103956833,-47.935354675764415,-0.48400422948050054,0.3956171444649536,stop_loss,3485,3487,volatility_breakout,MIXED,2,189.03999999999942,103096.64000000001,103852.80000000002,9855.976998985936
bt_pos_123,BTCUSDT,long,104685.70000000001,104922.1,0.004707413237426857,38.55445291351369,0.39118230963673256,0.3946842129551686,time_exit,3497,3505,volatility_breakout,MIXED,8,321.04000000000036,104204.14000000001,105488.30000000002,9894.43289212946
bt_pos_124,BTCUSDT,long,104993.80000000002,104565.09000000001,0.004711912937777973,-71.09651614242583,-0.718557878857831,0.3949692980069565,stop_loss,3511,3514,volatility_breakout,MIXED,3,285.80666666666804,104565.09000000001,105708.31666666668,9823.237431658112
bt_pos_125,BTCUSDT,long,101750.70000000001,101506.2,0.0048271104924379445,-41.70045544490033,-0.42451251681275887,0.3924574058601641,time_exit,3542,3550,volatility_breakout,MIXED,8,347.01333333333315,101230.18000000001,102618.23333333334,9781.438743838895
bt_pos_126,BTCUSDT,long,102951.20000000001,103100.0,0.0047505219676113025,24.349178106496662,0.24893496998128023,0.39154030082106805,time_exit,3595,3603,volatility_breakout,MIXED,8,406.8933333333329,102340.86000000002,103968.43333333335,9805.690107557954
bt_pos_127,BTCUSDT,short,99262.6,97984.46666666667,0.004939267210186895,220.56676983783012,2.2493977793319915,0.3897023874768861,take_profit,3661,3666,momentum,MIXED,5,511.2533333333345,100029.48000000001,97984.46666666667,10026.158820494707
bt_pos_128,BTCUSDT,short,96312.9,95319.3,0.005204992695939333,180.60984831346195,1.8014042831718733,0.39897768052271426,time_exit,3718,3726,momentum,MIXED,8,660.3400000000004,97303.40999999999,94662.04999999999,10206.668407219964
bt_pos_129,BTCUSDT,long,95335.1,95844.7,0.005353048566173405,95.06761632455868,0.9314358340766656,0.40935790170852737,time_exit,3745,3753,momentum,MIXED,8,567.7000000000029,94483.55,96754.35,10301.63395686045
bt_pos_130,BTCUSDT,long,95765.70000000001,96042.7,0.005378561403958019,51.73249150849228,0.502182557206167,0.4126613028779766,time_exit,3790,3798,volatility_breakout,MIXED,8,261.7533333333345,95373.07,96420.08333333334,10353.263432029375
bt_pos_131,BTCUSDT,long,95967.70000000001,95588.62000000001,0.00539413960740404,-71.98167809621988,-0.6952628839474009,0.4133126131042252,stop_loss,3823,3826,volatility_breakout,MIXED,3,252.71999999999923,95588.62000000001,96599.50000000001,10281.178221298835
bt_pos_132,BTCUSDT,short,95642.80000000002,96111.48000000001,0.005374778980382649,-88.57905418781655,-0.8615738204373429,0.4122547494169638,stop_loss,3858,3861,momentum,MIXED,3,312.4533333333316,96111.48000000001,94861.66666666669,10192.496355328805
bt_pos_133,BTCUSDT,long,95908.70000000001,95884.8,0.005313645349863362,-4.8525133909259335,-0.04760916018388468,0.40764905576360755,time_exit,3862,3870,volatility_breakout,MIXED,8,240.39999999999904,95548.1,96509.70000000001,10187.541916974325
bt_pos_134,BTCUSDT,long,96064.80000000002,96520.78333333335,0.005302432273306312,84.21525719150061,0.8266576966144755,0.40846880497607563,take_profit,3871,3879,volatility_breakout,MIXED,8,182.39333333333488,95791.21000000002,96520.78333333335,10271.655298746657
bt_pos_135,BTCUSDT,long,96412.70000000001,96087.93000000001,0.00532692025985511,-60.96101045015355,-0.5934936316816699,0.4101742023927491,stop_loss,3883,3884,volatility_breakout,MIXED,1,216.51333333333412,96087.93000000001,96953.98333333335,10210.591571743516
bt_pos_136,BTCUSDT,short,95909.5,95722.8,0.005323034512610073,34.37534288399765,0.3366669443129455,0.40802613865233894,time_exit,3884,3892,momentum,MIXED,8,236.04666666666745,96263.57,95319.38333333333,10244.864808711796
bt_pos_137,BTCUSDT,long,95577.30000000002,95607.6,0.005359465484331424,5.27385359706115,0.05147853519394229,0.40985954907014205,time_exit,3971,3979,volatility_breakout,MIXED,8,276.7599999999996,95162.16000000002,96269.20000000001,10250.036213660771
bt_pos_138,BTCUSDT,long,95675.70000000001,95297.33000000002,0.005356655981435605,-71.34711805872874,-0.6960739459823082,0.40919072937695256,stop_loss,3981,3984,volatility_breakout,MIXED,3,252.2466666666655,95297.33000000002,96306.31666666668,10178.586595239905
bt_pos_139,BTCUSDT,short,91067.9,91585.65999999999,0.005588460146352286,-101.68014024439631,-0.9989712825503578,0.40830085625974644,stop_loss,4080,4082,momentum,MIXED,2,345.17333333333374,91585.65999999999,90204.96666666666,10076.804669129557
bt_pos_140,BTCUSDT,short,91315.9,92004.04999999999,0.005517552074244221,-133.29621204433866,-1.3228156086834542,0.40459094814913876,stop_loss,4091,4092,momentum,MIXED,1,458.7666666666657,92004.04999999999,90168.98333333334,9943.407689038526
bt_pos_141,BTCUSDT,short,91312.0,91600.0,0.005444743127430418,-55.28137426646843,-0.5559656087186419,0.39836354196982104,time_exit,4164,4172,momentum,MIXED,8,382.90666666666607,91886.36,90354.73333333334,9888.026880695168
bt_pos_142,BTCUSDT,long,92581.70000000001,92139.26000000001,0.005340162732319221,-83.0891319696446,-0.8403088287663689,0.39457599458809184,stop_loss,4247,4250,volatility_breakout,MIXED,3,294.95999999999964,92139.26000000001,93319.1,9804.838868456718
